{
  "providers": [
    {
      "type": "bitmap",
      "file": "acenetwork:font/space_nosplit.png",
      "ascent": 8,
      "height": 8,
      "chars": [
        " ", "!", "\"", "#", "$", "%", "&", "'", "(", ")", "*", "+", ",", "-", ".", "/",
        "0", "1", "2", "3", "4", "5", "6", "7", "8", "9", ":", ";", "<", "=", ">", "?"
      ]
    },
    {
      "type": "bitmap",
      "file": "acenetwork:font/space_split.png",
      "ascent": 8,
      "height": 8,
      "chars": [
        "@", "A", "B", "C", "D", "E", "F", "G", "H", "I", "J", "K", "L", "M",
        "N", "O", "P", "Q", "R", "S", "T", "U", "V", "W", "X", "Y", "Z"
      ]
    }
  ]
}
