{
    "model": {
        "type": "range_dispatch",
        "property": "custom_model_data",
        "fallback": {
            "type": "model",
            "model": "item/diamond_sword"
        },
        "entries": [
                        {
                "threshold": 1,
                "model": {
                    "type": "model",
                    "model": "item/diamond_sword"
                }
            },
            {
                "threshold": 1001,
                "model": {
                    "type": "model",
                    "model": "item/skins/tools/sword/ruby"
                }
            }
        ]
    
    }
}