{
  "providers": [
    {
      "type": "bitmap",
      "file": "acenetwork:ui/owner_rank.png",
      "ascent": 8,
      "height": 9,
      "chars": ["\uE001"]
    },
    {
      "type": "bitmap",
      "file": "acenetwork:ui/manager_rank.png",
      "ascent": 8,
      "height": 9,
      "chars": ["\uE002"]
    },
    {
      "type": "bitmap",
      "file": "acenetwork:ui/dev_rank.png",
      "ascent": 8,
      "height": 9,
      "chars": ["\uE003"]
    },
    {
      "type": "bitmap",
      "file": "acenetwork:ui/admin_rank.png",
      "ascent": 8,
      "height": 9,
      "chars": ["\uE004"]
    },
    {
      "type": "bitmap",
      "file": "acenetwork:ui/srmod_rank.png",
      "ascent": 8,
      "height": 9,
      "chars": ["\uE005"]
    },
    {
      "type": "bitmap",
      "file": "acenetwork:ui/mod_rank.png",
      "ascent": 8,
      "height": 9,
      "chars": ["\uE006"]
    },
    {
      "type": "bitmap",
      "file": "acenetwork:ui/helper_rank.png",
      "ascent": 8,
      "height": 9,
      "chars": ["\uE007"]
    },
    {
      "type": "bitmap",
      "file": "acenetwork:ui/trial_rank.png",
      "ascent": 8,
      "height": 9,
      "chars": ["\uE008"]
    },
    {
      "type": "bitmap",
      "file": "acenetwork:ui/builder_rank.png",
      "ascent": 8,
      "height": 9,
      "chars": ["\uE009"]
    }
  ]
}
