{
  "providers": [
    {
      "type": "bitmap",
      "file": "acenetwork:ranks/owner_rank.png",
      "ascent": 8,
      "height": 9,
      "chars": ["\uE001"]
    },
        {
      "type": "bitmap",
      "file": "acenetwork:ranks/dev_rank.png",
      "ascent": 8,
      "height": 9,
      "chars": ["\uE002"]
    },
    {
      "type": "bitmap",
      "file": "acenetwork:ranks/manager_rank.png",
      "ascent": 8,
      "height": 9,
      "chars": ["\uE003"]
    },
    {
      "type": "bitmap",
      "file": "acenetwork:ranks/admin_rank.png",
      "ascent": 8,
      "height": 9,
      "chars": ["\uE004"]
    },
    {
      "type": "bitmap",
      "file": "acenetwork:ranks/srmod_rank.png",
      "ascent": 8,
      "height": 9,
      "chars": ["\uE005"]
    },
    {
      "type": "bitmap",
      "file": "acenetwork:ranks/mod_rank.png",
      "ascent": 8,
      "height": 9,
      "chars": ["\uE006"]
    },
    {
      "type": "bitmap",
      "file": "acenetwork:ranks/helper_rank.png",
      "ascent": 8,
      "height": 9,
      "chars": ["\uE007"]
    },
    {
      "type": "bitmap",
      "file": "acenetwork:ranks/trial_rank.png",
      "ascent": 8,
      "height": 9,
      "chars": ["\uE008"]
    },
    {
      "type": "bitmap",
      "file": "acenetwork:ranks/builder_rank.png",
      "ascent": 8,
      "height": 9,
      "chars": ["\uE009"]
    },
        {
      "type": "bitmap",
      "file": "acenetwork:ranks/partner_rank.png",
      "ascent": 8,
      "height": 9,
      "chars": ["\uE010"]
    },
        {
      "type": "bitmap",
      "file": "acenetwork:ranks/media_rank.png",
      "ascent": 8,
      "height": 9,
      "chars": ["\uE011"]
    },
        {
      "type": "bitmap",
      "file": "acenetwork:ranks/retired_rank.png",
      "ascent": 8,
      "height": 9,
      "chars": ["\uE012"]
    },
        {
      "type": "bitmap",
      "file": "acenetwork:ranks/friends_rank.png",
      "ascent": 8,
      "height": 9,
      "chars": ["\uE013"]
    },
        {
      "type": "bitmap",
      "file": "acenetwork:ranks/member_rank.png",
      "ascent": 8,
      "height": 9,
      "chars": ["\uE014"]
    }
  ]
}
