{
  "providers": [
    {
      "type": "bitmap",
      "file": "acenetwork:ranks/owner_rank.png",
      "ascent": 8,
      "height": 9,
      "chars": ["\uF001"]
    },
        {
      "type": "bitmap",
      "file": "acenetwork:ranks/dev_rank.png",
      "ascent": 8,
      "height": 9,
      "chars": ["\uF002"]
    },
    {
      "type": "bitmap",
      "file": "acenetwork:ranks/manager_rank.png",
      "ascent": 8,
      "height": 9,
      "chars": ["\uF003"]
    },
    {
      "type": "bitmap",
      "file": "acenetwork:ranks/admin_rank.png",
      "ascent": 8,
      "height": 9,
      "chars": ["\uF004"]
    },
    {
      "type": "bitmap",
      "file": "acenetwork:ranks/srmod_rank.png",
      "ascent": 8,
      "height": 9,
      "chars": ["\uF005"]
    },
    {
      "type": "bitmap",
      "file": "acenetwork:ranks/mod_rank.png",
      "ascent": 8,
      "height": 9,
      "chars": ["\uF006"]
    },
    {
      "type": "bitmap",
      "file": "acenetwork:ranks/helper_rank.png",
      "ascent": 8,
      "height": 9,
      "chars": ["\uF007"]
    },
    {
      "type": "bitmap",
      "file": "acenetwork:ranks/trial_rank.png",
      "ascent": 8,
      "height": 9,
      "chars": ["\uF008"]
    },
    {
      "type": "bitmap",
      "file": "acenetwork:ranks/builder_rank.png",
      "ascent": 8,
      "height": 9,
      "chars": ["\uF009"]
    },
        {
      "type": "bitmap",
      "file": "acenetwork:ranks/partner_rank.png",
      "ascent": 8,
      "height": 9,
      "chars": ["\uF010"]
    },
        {
      "type": "bitmap",
      "file": "acenetwork:ranks/media_rank.png",
      "ascent": 8,
      "height": 9,
      "chars": ["\uF011"]
    },
        {
      "type": "bitmap",
      "file": "acenetwork:ranks/retired_rank.png",
      "ascent": 8,
      "height": 9,
      "chars": ["\uF012"]
    },
        {
      "type": "bitmap",
      "file": "acenetwork:ranks/friends_rank.png",
      "ascent": 8,
      "height": 9,
      "chars": ["\uF013"]
    },
        {
      "type": "bitmap",
      "file": "acenetwork:ranks/member_rank.png",
      "ascent": 8,
      "height": 9,
      "chars": ["\uF014"]
    }
  ]
}
