{
    "providers": [
    {
        "type": "bitmap",
        "file": "acenetwork:tags/doggo_tag.png",
        "ascent": 8,
        "height": 9,
        "chars": ["\uA001"]
    },
    {
        "type": "bitmap",
        "file": "acenetwork:tags/kitty_tag.png",
        "ascent": 8,
        "height": 9,
        "chars": ["\uA002"]
    },
    {
        "type": "bitmap",
        "file": "acenetwork:tags/legend_tag.png",
        "ascent": 8,
        "height": 9,
        "chars": ["\uA003"]
    },
    {
        "type": "bitmap",
        "file": "acenetwork:tags/lplusratio_tag.png",
        "ascent": 8,
        "height": 9,
        "chars": ["\uA004"]
    },
    {
        "type": "bitmap",
        "file": "acenetwork:tags/ungodly_tag.png",
        "ascent": 8,
        "height": 9,
        "chars": ["\uA005"]
    },
    {
        "type": "bitmap",
        "file": "acenetwork:tags/wompwomp_tag.png",
        "ascent": 8,
        "height": 9,
        "chars": ["\uA006"]
    }
  ]
}