{
  "providers": [
    {
      "type": "bitmap",
      "file": "acenetwork:ui/ranksspecial.png",
      "ascent": 9,
      "height": 8,
      "chars": ["\uE001"]
    },
    {
      "file": "acenetwork:ui/ranksstaff.png",
      "chars": [
        "\uF016",
        "\uF017",
        "\uF018",
        "\uF019",
        "\uF020",
        "\uF021",
        "\uF022",
        "\uF023",
        "\uF024",
        "\uF025",
        "\uF026"
      ],
      "height": 9,
      "ascent": 8,
      "type": "bitmap"
    }
  ]
}